timestamp,functionName,tps,success,failure
2026-07-16T07:17:10.298Z,submitProduce,1,12,7
2026-07-16T07:18:28.190Z,submitProduce,2,11,9
2026-07-16T07:19:41.423Z,submitProduce,3,12,9
2026-07-16T07:20:54.960Z,submitProduce,4,15,9
2026-07-16T07:22:05.043Z,submitProduce,5,11,9
2026-07-16T07:23:21.605Z,submitProduce,6,17,9
2026-07-16T07:24:41.748Z,submitProduce,7,16,9
2026-07-16T07:25:57.880Z,submitProduce,8,16,9
2026-07-16T07:27:13.606Z,submitProduce,9,16,9
2026-07-16T07:28:25.184Z,submitProduce,10,13,9
2026-07-16T07:29:49.356Z,submitProduce,11,18,9
2026-07-16T07:31:02.192Z,submitProduce,12,24,8
2026-07-16T07:32:18.872Z,submitProduce,13,17,9
2026-07-16T07:33:32.516Z,submitProduce,14,16,9
2026-07-16T07:34:50.111Z,submitProduce,15,16,9
2026-07-16T07:36:05.689Z,submitProduce,16,15,9
2026-07-16T07:37:17.320Z,submitProduce,17,15,9
2026-07-16T07:38:30.877Z,submitProduce,18,16,9
2026-07-16T07:39:44.353Z,submitProduce,19,14,9
2026-07-16T07:40:56.075Z,submitProduce,20,13,9
2026-07-16T07:46:59.149Z,submitProduce,1,19,0
2026-07-16T08:03:03.928Z,submitProduce,100,1987,0
2026-07-16T11:42:03.321Z,submitProduce,100,15,9
2026-07-16T11:46:38.047Z,submitProduce,100,71,115
2026-07-16T12:02:25.769Z,submitProduce,100,40,101
2026-07-16T12:12:43.661Z,submitProduce,100,43,111
2026-07-16T12:18:08.353Z,submitProduce,100,40,150
2026-07-16T12:26:50.774Z,submitProduce,100,19,211
2026-07-16T12:30:55.186Z,submitProduce,100,95,81
2026-07-16T12:46:33.198Z,submitProduce,100,94,85
2026-07-16T12:50:27.641Z,submitProduce,100,120,0
2026-07-16T12:52:43.954Z,submitProduce,100,118,0
2026-07-17T06:09:46.677Z,submitProduce,200,0,20
2026-07-17T06:13:08.675Z,submitProduce,200,0,71
2026-07-17T06:21:18.000Z,submitProduce,200,0,24
2026-07-17T06:26:06.750Z,submitProduce,200,0,20
2026-07-17T06:29:16.436Z,submitProduce,50,0,1
2026-07-17T06:34:12.391Z,submitProduce,50,0,5
2026-07-17T06:37:44.425Z,submitProduce,100,0,117
2026-07-17T06:39:28.170Z,submitProduce,50,0,5
2026-07-17T06:41:18.895Z,submitProduce,200,0,24
2026-07-17T06:43:06.935Z,submitProduce,100,0,113
2026-07-17T06:44:23.456Z,submitProduce,10,0,103
2026-07-17T07:25:30.781Z,submitProduce,100,53,133
2026-07-17T07:31:01.131Z,submitProduce,50,196,0
2026-07-17T10:46:07.047Z,submitProduce,20,63,100
2026-07-17T10:48:05.681Z,submitProduce,20,265,0
2026-07-17T10:58:12.352Z,submitProduce,20,56,100
2026-07-17T10:59:41.529Z,submitProduce,5,38,61
2026-07-17T10:59:41.529Z,testCoffee,20,29,0
2026-07-17T11:01:10.345Z,submitProduce,5,62,36
2026-07-17T11:01:10.345Z,testCoffee,5,43,0
2026-07-17T11:01:10.345Z,makeOffer,20,143,65
2026-07-17T11:02:39.124Z,submitProduce,5,49,50
2026-07-17T11:02:39.124Z,testCoffee,5,34,0
2026-07-17T11:02:39.124Z,makeOffer,5,41,11
2026-07-17T11:02:39.124Z,acceptOffer,20,6,30
2026-07-17T11:04:07.500Z,submitProduce,5,49,49
2026-07-17T11:04:07.500Z,testCoffee,5,35,0
2026-07-17T11:04:07.500Z,makeOffer,5,37,15
2026-07-17T11:04:07.500Z,acceptOffer,5,2,23
2026-07-17T11:04:07.500Z,packLotIntoPackets,20,0,0
2026-07-17T11:05:36.923Z,submitProduce,5,49,49
2026-07-17T11:05:36.923Z,testCoffee,5,37,0
2026-07-17T11:05:36.923Z,makeOffer,5,37,14
2026-07-17T11:05:36.923Z,acceptOffer,5,7,15
2026-07-17T11:05:36.923Z,packLotIntoPackets,5,1,1
2026-07-17T11:05:36.923Z,purchasePacket,20,0,0
2026-07-17T11:33:26.212Z,submitProduce,20,6,1
2026-07-17T11:34:37.236Z,submitProduce,5,1,1
2026-07-17T11:34:37.236Z,testCoffee,20,1,0
2026-07-17T11:36:03.198Z,submitProduce,5,13,1
2026-07-17T11:36:03.198Z,testCoffee,5,3,0
2026-07-17T11:36:03.198Z,makeOffer,20,2,0
2026-07-17T11:37:16.631Z,submitProduce,5,3,1
2026-07-17T11:37:16.631Z,testCoffee,5,1,0
2026-07-17T11:37:16.631Z,makeOffer,5,0,0
2026-07-17T11:37:16.631Z,acceptOffer,20,0,0
2026-07-17T11:38:27.884Z,submitProduce,5,5,1
2026-07-17T11:38:27.884Z,testCoffee,5,2,0
2026-07-17T11:38:27.884Z,makeOffer,5,0,0
2026-07-17T11:38:27.884Z,acceptOffer,5,0,0
2026-07-17T11:38:27.884Z,packLotIntoPackets,20,0,0
2026-07-17T11:40:25.936Z,submitProduce,5,6,1
2026-07-17T11:40:25.936Z,testCoffee,5,0,0
2026-07-17T11:40:25.936Z,makeOffer,5,0,0
2026-07-17T11:40:25.936Z,acceptOffer,5,0,0
2026-07-17T11:40:25.936Z,packLotIntoPackets,5,0,0
2026-07-17T11:40:25.936Z,purchasePacket,20,0,0
2026-07-17T11:45:10.029Z,submitProduce,20,4,1
2026-07-17T11:46:38.026Z,submitProduce,5,9,1
2026-07-17T11:46:38.026Z,testCoffee,20,9,0
2026-07-17T11:47:51.402Z,submitProduce,5,3,1
2026-07-17T11:47:51.402Z,testCoffee,5,1,0
2026-07-17T11:47:51.402Z,makeOffer,20,0,0
2026-07-17T11:49:08.586Z,submitProduce,5,9,1
2026-07-17T11:49:08.586Z,testCoffee,5,4,0
2026-07-17T11:49:08.586Z,makeOffer,5,0,0
2026-07-17T11:49:08.586Z,acceptOffer,20,0,0
2026-07-17T11:50:36.398Z,submitProduce,5,16,1
2026-07-17T11:50:36.398Z,testCoffee,5,7,0
2026-07-17T11:50:36.398Z,makeOffer,5,0,0
2026-07-17T11:50:36.398Z,acceptOffer,5,0,0
2026-07-17T11:50:36.398Z,packLotIntoPackets,20,0,0
2026-07-17T11:52:34.578Z,submitProduce,5,17,1
2026-07-17T11:52:34.578Z,testCoffee,5,1,0
2026-07-17T11:52:34.578Z,makeOffer,5,0,0
2026-07-17T11:52:34.578Z,acceptOffer,5,0,0
2026-07-17T11:52:34.578Z,packLotIntoPackets,5,0,0
2026-07-17T11:52:34.578Z,purchasePacket,20,0,0
2026-07-17T12:06:51.779Z,submitProduce,10,29,3
2026-07-17T12:06:51.779Z,testCoffee,10,20,0
2026-07-17T12:06:51.779Z,makeOffer,10,12,0
2026-07-17T12:06:51.779Z,acceptOffer,10,1,0
2026-07-17T12:06:51.779Z,packLotIntoPackets,10,0,0
2026-07-17T12:06:51.779Z,purchasePacket,10,0,0
2026-07-17T12:26:01.265Z,submitProduce,10,7,1
2026-07-17T12:26:01.265Z,testCoffee,10,3,0
2026-07-17T12:26:01.265Z,makeOffer,10,2,1
2026-07-17T12:26:01.265Z,acceptOffer,10,1,0
2026-07-17T12:26:01.265Z,packLotIntoPackets,10,0,0
2026-07-17T12:26:01.265Z,purchasePacket,5,0,0
2026-07-18T06:08:53.342Z,submitProduce,20,4,2
2026-07-18T06:11:01.559Z,testCoffee,20,1,2
2026-07-18T06:13:09.015Z,makeOffer,20,6,2
2026-07-18T06:15:17.629Z,acceptOffer,20,0,2
2026-07-18T06:16:37.490Z,packLotIntoPackets,20,12,0
2026-07-18T06:17:10.217Z,purchasePacket,20,0,0
2026-07-18T06:30:24.911Z,purchasePacket,20,4,0
2026-07-18T06:36:42.874Z,submitProduce,20,0,2
2026-07-18T06:55:11.740Z,submitProduce,20,360,0
2026-07-18T06:56:15.750Z,testCoffee,20,0,0
2026-07-18T06:56:48.125Z,makeOffer,20,0,0
2026-07-18T07:01:08.403Z,testCoffee,20,0,0
2026-07-18T07:04:39.233Z,testCoffee,20,0,0
2026-07-18T07:05:36.292Z,testCoffee,20,392,0
2026-07-18T07:06:51.181Z,purchasePacket,20,398,0
2026-07-18T07:11:19.821Z,acceptOffer,20,384,0
2026-07-18T07:19:25.640Z,purchasePacket,20,364,0
2026-07-18T07:24:24.171Z,purchasePacket,20,40,40
2026-07-18T07:33:32.543Z,testCoffee,20,17,21
2026-07-18T07:37:42.603Z,testCoffee,20,30,2
2026-07-18T07:44:47.818Z,submitProduce,20,1,5
2026-07-18T07:46:42.400Z,submitProduce,20,11,15
2026-07-18T07:47:52.175Z,testCoffee,20,8,12
2026-07-18T07:49:55.552Z,makeOffer,20,22,26
2026-07-18T07:51:55.130Z,makeOffer,20,37,3
2026-07-18T07:53:39.905Z,acceptOffer,20,15,42
2026-07-18T07:54:26.745Z,acceptOffer,20,10,10
2026-07-18T07:55:30.626Z,acceptOffer,20,8,10
2026-07-18T07:56:59.384Z,packLotIntoPackets,20,10,10
2026-07-18T07:59:06.997Z,purchasePacket,20,25,25
2026-07-18T08:01:02.669Z,purchasePacket,20,31,31
2026-07-18T08:01:56.113Z,purchasePacket,20,17,17
2026-07-20T06:37:30.303Z,submitProduce,50,0,5
2026-07-20T06:43:36.538Z,submitProduce,20,50,50
2026-07-20T06:44:23.775Z,submitProduce,20,21,21
2026-07-20T06:44:57.521Z,testCoffee,20,14,14
2026-07-20T06:45:27.579Z,makeOffer,20,12,12
2026-07-20T06:46:35.122Z,makeOffer,20,60,0
2026-07-20T06:48:08.072Z,acceptOffer,20,40,40
2026-07-20T06:48:44.235Z,acceptOffer,20,14,14
2026-07-20T06:50:38.380Z,acceptOffer,20,52,52
2026-07-20T06:52:06.532Z,packLotIntoPackets,20,30,30
2026-07-20T06:53:08.165Z,purchasePacket,20,28,28
2026-07-20T06:53:52.977Z,purchasePacket,20,20,20
2026-07-20T06:54:41.503Z,purchasePacket,20,22,22
2026-07-20T07:02:08.121Z,submitProduce,50,0,5
2026-07-20T07:05:37.665Z,submitProduce,50,65,0
2026-07-20T07:10:00.285Z,submitProduce,50,80,0
2026-07-20T09:22:19.642Z,submitProduce,50,70,0
2026-07-20T09:23:12.064Z,submitProduce,100,105,0
2026-07-20T09:24:34.986Z,submitProduce,200,185,0
2026-07-20T09:26:00.811Z,makeOffer,50,0,0
2026-07-20T09:26:26.332Z,makeOffer,100,0,0
2026-07-20T09:26:48.512Z,makeOffer,200,0,0
2026-07-20T09:28:57.887Z,makeOffer,50,0,0
2026-07-20T09:29:21.990Z,makeOffer,100,0,0
2026-07-20T09:29:45.658Z,makeOffer,200,0,0
2026-07-20T09:34:07.239Z,makeOffer,50,15,7
2026-07-20T09:34:43.149Z,makeOffer,100,13,0
2026-07-20T09:35:15.047Z,makeOffer,200,11,3
2026-07-20T09:41:57.277Z,makeOffer,50,14,0
2026-07-20T09:42:31.254Z,makeOffer,100,12,0
2026-07-20T09:43:09.256Z,makeOffer,200,14,0
2026-07-20T09:47:51.866Z,makeOffer,50,11,0
2026-07-20T09:48:23.775Z,makeOffer,100,11,0
2026-07-20T09:49:42.373Z,makeOffer,200,31,0
2026-07-20T09:50:45.798Z,acceptOffer,50,48,0
2026-07-20T09:51:13.860Z,acceptOffer,100,48,0
2026-07-20T09:51:45.123Z,acceptOffer,200,45,0
2026-07-20T09:53:03.195Z,purchasePacket,50,37,0
2026-07-20T09:53:33.085Z,purchasePacket,100,33,0
2026-07-20T09:54:01.420Z,purchasePacket,200,33,0
2026-07-20T10:21:55.101Z,submitProduce,50,135,0
2026-07-20T10:21:55.101Z,makeOffer,50,37,5
2026-07-20T10:21:55.101Z,acceptOffer,50,72,0
2026-07-20T10:21:55.101Z,purchasePacket,50,85,0
2026-07-20T10:24:14.280Z,submitProduce,50,160,0
2026-07-20T10:25:25.157Z,submitProduce,100,150,0
2026-07-20T10:26:30.985Z,submitProduce,200,145,0
2026-07-20T10:31:40.761Z,submitProduce,50,160,0
2026-07-20T10:32:49.288Z,submitProduce,100,150,0
2026-07-20T10:33:55.561Z,submitProduce,200,135,0
2026-07-20T10:36:52.239Z,makeOffer,50,32,0
2026-07-20T10:38:03.151Z,makeOffer,100,28,0
2026-07-20T10:39:11.565Z,makeOffer,200,28,0
2026-07-20T10:40:54.477Z,acceptOffer,50,148,0
2026-07-20T10:42:07.195Z,acceptOffer,100,134,0
2026-07-20T10:43:17.357Z,acceptOffer,200,130,0
2026-07-20T11:01:45.932Z,purchasePacket,50,0,0
2026-07-20T11:02:17.214Z,purchasePacket,100,0,0
2026-07-20T11:02:48.465Z,purchasePacket,200,0,0
2026-07-20T11:05:31.570Z,purchasePacket,50,150,0
2026-07-20T11:06:44.953Z,purchasePacket,100,145,0
2026-07-20T11:07:53.547Z,purchasePacket,200,145,0
2026-07-20T11:19:08.065Z,submitProduce,50,500,0
2026-07-20T11:23:24.903Z,submitProduce,100,500,0
2026-07-20T11:27:40.561Z,submitProduce,200,500,0
2026-07-20T11:46:16.814Z,makeOffer,50,500,0
2026-07-20T12:04:33.677Z,makeOffer,100,500,0
2026-07-20T12:23:02.024Z,makeOffer,200,500,0
2026-07-20T12:27:25.767Z,acceptOffer,50,500,0
2026-07-20T12:31:28.958Z,acceptOffer,100,500,0
2026-07-20T12:35:40.457Z,acceptOffer,200,500,0
2026-07-20T12:39:59.509Z,purchasePacket,50,500,0
2026-07-20T12:44:15.345Z,purchasePacket,100,500,0
2026-07-21T04:46:00.802Z,purchasePacket,200,500,0
