timestamp,channel,chaincode,mode,functionName,targetFunctionTps,totalTargetTps,achievedTps,submittedTps,endToEndAchievedTps,endToEndSubmittedTps,loadElapsedSec,wallElapsedSec,drainElapsedSec,avgLatencyMs,minLatencyMs,maxLatencyMs,p95LatencyMs,successRatePct,failureRatePct,success,failure,queued,skipped,learnedConflictKeys,conflictKeys,reward,lastError
2026-07-17T07:25:30.780Z,agrochannel1707,coffee_9,conflict-identification,submitProduce,100,100,8.606728055157095,8.606728055157095,0,0,21.611,0,0,0,0,0,0,28.49462365591398,71.50537634408603,53,133,0,1634,10,submitProduce:participant:aggregators/User1; submitProduce:participant:aggregators/User2; submitProduce:participant:aggregators/User3; submitProduce:participant:aggregators/User4; submitProduce:participant:aggregators/User5; submitProduce:participant:farmers/User1; submitProduce:participant:farmers/User2; submitProduce:participant:farmers/User3; submitProduce:participant:farmers/User4; submitProduce:participant:farmers/User5,-322.8490795780699,submitProduce farmers/User1: Ledger commit not visible for lot LOT17842731032544262 (submitted) after 20000ms
2026-07-17T07:31:01.129Z,agrochannel1707,coffee_9,queued-simulation,submitProduce,50,50,9.143923489619782,9.377186843946816,0,0,21.435,0,0,0,0,0,0,100,0,196,0,0,0,10,submitProduce:participant:aggregators/User1; submitProduce:participant:aggregators/User2; submitProduce:participant:aggregators/User3; submitProduce:participant:aggregators/User4; submitProduce:participant:aggregators/User5; submitProduce:participant:farmers/User1; submitProduce:participant:farmers/User2; submitProduce:participant:farmers/User3; submitProduce:participant:farmers/User4; submitProduce:participant:farmers/User5,109.14392348961978,
2026-07-17T10:46:07.045Z,agrochannel1707,coffee_9,conflict-identification,submitProduce,20,20,8.123598305507102,8.123598305507102,0,0,20.065,0,0,0,0,0,0,38.65030674846626,61.34969325153374,63,100,0,233,9,submitProduce:participant:aggregators/User1; submitProduce:participant:aggregators/User2; submitProduce:participant:aggregators/User3; submitProduce:participant:aggregators/User4; submitProduce:participant:aggregators/User5; submitProduce:participant:farmers/User1; submitProduce:participant:farmers/User2; submitProduce:participant:farmers/User4; submitProduce:participant:farmers/User5,-229.28538415715633,submitProduce farmers/User3: Ledger commit not visible for lot LOT178428510072422552 (submitted) after 60000ms
2026-07-17T10:48:05.679Z,agrochannel1707,coffee_9,queued-simulation,submitProduce,20,20,13.20247110402551,13.451574332403348,0,0,20.072,0,0,0,0,0,0,100,0,265,0,387,0,10,submitProduce:participant:aggregators/User1; submitProduce:participant:aggregators/User2; submitProduce:participant:aggregators/User3; submitProduce:participant:aggregators/User4; submitProduce:participant:aggregators/User5; submitProduce:participant:farmers/User1; submitProduce:participant:farmers/User2; submitProduce:participant:farmers/User3; submitProduce:participant:farmers/User4; submitProduce:participant:farmers/User5,113.2024711040255,
2026-07-17T10:58:12.348Z,agrochannel1707,coffee_9,conflict-identification,submitProduce,20,20,7.8,7.8,0,0,20,0,0,0,0,0,0,35.8974358974359,64.1025641025641,56,100,0,240,10,submitProduce:participant:aggregators/User1; submitProduce:participant:aggregators/User2; submitProduce:participant:aggregators/User3; submitProduce:participant:aggregators/User4; submitProduce:participant:aggregators/User5; submitProduce:participant:farmers/User1; submitProduce:participant:farmers/User2; submitProduce:participant:farmers/User3; submitProduce:participant:farmers/User4; submitProduce:participant:farmers/User5,-235.55664335664335,submitProduce farmers/User2: Ledger commit not visible for lot LOT178428582664926854 (submitted) after 60000ms
2026-07-17T10:59:41.526Z,agrochannel1707,coffee_9,conflict-identification,testCoffee,20,25,6.371011895873774,6.371011895873774,0,0,20.091,0,0,0,0,0,0,52.34375,47.65625,67,61,0,0,0,,-110.94148810412622,submitProduce farmers/User4: Ledger commit not visible for lot LOT178428591547592314 (submitted) after 60000ms
2026-07-17T11:01:10.341Z,agrochannel1707,coffee_9,conflict-identification,makeOffer,20,30,17.345062372645497,17.345062372645497,0,0,20.121,0,0,0,0,0,0,71.06017191977078,28.939828080229223,248,101,0,0,1,makeOffer:lot,-142.53459378781292,submitProduce farmers/User5: Ledger commit not visible for lot LOT178428600440136781 (submitted) after 60000ms
2026-07-17T11:02:39.122Z,agrochannel1707,coffee_9,conflict-identification,acceptOffer,20,35,11.022993665519477,11.022993665519477,0,0,20.049,0,0,0,0,0,0,58.82352941176471,41.17647058823529,130,91,0,0,7,acceptOffer:lot; acceptOffer:participant:farmers/User1; acceptOffer:participant:farmers/User2; acceptOffer:participant:farmers/User5; acceptOffer:participant:retailers/User1; acceptOffer:participant:retailers/User3; acceptOffer:participant:retailers/User5,-153.32994751095111,submitProduce farmers/User5: Ledger commit not visible for lot LOT178428609308558455 (submitted) after 60000ms
2026-07-17T11:04:07.498Z,agrochannel1707,coffee_9,conflict-identification,packLotIntoPackets,20,40,10.4425658876181,10.4425658876181,0,0,20.11,0,0,0,0,0,0,58.57142857142858,41.42857142857143,123,87,0,0,0,,-146.41457696952477,submitProduce farmers/User2: Ledger commit not visible for lot LOT178428618177499664 (submitted) after 60000ms
2026-07-17T11:05:36.918Z,agrochannel1707,coffee_9,conflict-identification,purchasePacket,20,45,10.448800875709026,10.448800875709026,0,0,20.098,0,0,0,0,0,0,62.38095238095238,37.61904761904762,131,79,0,0,0,,-122.78929436238622,submitProduce farmers/User2: Ledger commit not visible for lot LOT178428627050044503 (submitted) after 60000ms
2026-07-17T11:33:26.211Z,agrochannel1707,coffee_9,conflict-identification,submitProduce,20,20,0.34998250087495625,0.39998000099994996,0,0,20.001,0,0,0,0,0,0,85.71428571428571,14.285714285714285,6,1,0,0,0,,69.77855392944639,submitProduce farmers/User2: Ledger commit not visible for lot LOT178428789317081440 (submitted) after 60000ms
2026-07-17T11:34:37.235Z,agrochannel1707,coffee_9,conflict-identification,testCoffee,20,25,0.15,0.15,0,0,20,0,0,0,0,0,0,66.66666666666666,33.33333333333333,2,1,0,0,0,,31.483333333333334,submitProduce farmers/User1: Ledger commit not visible for lot LOT178428800930680516 (submitted) after 60000ms
2026-07-17T11:36:03.196Z,agrochannel1707,coffee_9,conflict-identification,makeOffer,20,30,0.9406406257735531,0.9901480271300559,0,0,20.199,0,0,0,0,0,0,94.73684210526315,5.263157894736842,18,1,0,0,0,,88.41432483629987,submitProduce farmers/User3: Ledger commit not visible for lot LOT178428809514646622 (submitted) after 60000ms
2026-07-17T11:37:16.629Z,agrochannel1707,coffee_9,conflict-identification,acceptOffer,20,35,0.25,0.25,0,0,20,0,0,0,0,0,0,80,20,4,1,0,0,0,,58.25,submitProduce farmers/User3: Ledger commit not visible for lot LOT178428816645455935 (submitted) after 60000ms
2026-07-17T11:38:27.883Z,agrochannel1707,coffee_9,conflict-identification,packLotIntoPackets,20,40,0.40225261464199513,0.502815768302494,0,0,19.888,0,0,0,0,0,0,87.5,12.5,7,1,0,0,0,,73.402252614642,submitProduce farmers/User1: Ledger commit not visible for lot LOT178428824243278859 (submitted) after 60000ms
2026-07-17T11:40:25.935Z,agrochannel1707,coffee_9,conflict-identification,purchasePacket,20,45,0.34998250087495625,0.39998000099994996,0,0,20.001,0,0,0,0,0,0,85.71428571428571,14.285714285714285,6,1,0,0,0,,69.77855392944639,submitProduce farmers/User5: Ledger commit not visible for lot LOT178428831313136181 (submitted) after 60000ms
2026-07-17T11:45:10.028Z,agrochannel1707,coffee_9,conflict-identification,submitProduce,20,20,0.24905359633393107,0.29886431560071725,0,0,20.076,0,0,0,0,0,0,80,20,4,1,0,0,2,submitProduce:participant:aggregators/User5; submitProduce:participant:farmers/User5,58.24905359633394,submitProduce farmers/User5: Ledger commit not visible for lot LOT178428859699813897 (submitted) after 60000ms
2026-07-17T11:46:38.024Z,agrochannel1707,coffee_9,conflict-identification,testCoffee,20,25,0.9455558873295511,0.9455558873295511,0,0,20.094,0,0,0,0,0,0,94.73684210526315,5.263157894736842,18,1,0,0,0,,88.41924009785586,submitProduce farmers/User2: Ledger commit not visible for lot LOT178428872588667304 (submitted) after 60000ms
2026-07-17T11:47:51.401Z,agrochannel1707,coffee_9,conflict-identification,makeOffer,20,30,0.24862015812242055,0.24862015812242055,0,0,20.111,0,0,0,0,0,0,80,20,4,1,0,0,0,,58.24862015812242,submitProduce farmers/User4: Ledger commit not visible for lot LOT178428880143921050 (submitted) after 60000ms
2026-07-17T11:49:08.584Z,agrochannel1707,coffee_9,conflict-identification,acceptOffer,20,35,0.6976628295211043,0.7973289480241192,0,0,20.067,0,0,0,0,0,0,92.85714285714286,7.142857142857142,13,1,0,0,0,,84.41194854380683,submitProduce farmers/User3: Ledger commit not visible for lot LOT178428887879747894 (submitted) after 60000ms
2026-07-17T11:50:36.396Z,agrochannel1707,coffee_9,conflict-identification,packLotIntoPackets,20,40,1.201080972875588,1.3011710539485537,0,0,19.982,0,0,0,0,0,0,95.83333333333334,4.166666666666666,23,1,0,0,0,,90.86774763954226,submitProduce farmers/User1: Ledger commit not visible for lot LOT178428895807315802 (submitted) after 60000ms
2026-07-17T11:52:34.577Z,agrochannel1707,coffee_9,conflict-identification,purchasePacket,20,45,0.9488139825218478,0.9987515605493135,0,0,20.025,0,0,0,0,0,0,94.73684210526315,5.263157894736842,18,1,0,0,0,,88.42249819304816,submitProduce farmers/User1: Ledger commit not visible for lot LOT178428905227751226 (submitted) after 60000ms
2026-07-17T12:06:51.778Z,agrochannel1707,coffee_9,conflict-identification,purchasePacket,10,60,0.36064827915286496,0.36619671421675515,0,0,180.231,0,0,0,0,0,0,95.38461538461539,4.615384615384616,62,3,0,3323,0,,60.61674833135797,submitProduce farmers/User1: Ledger commit not visible for lot LOT178428989984518836 (submitted) after 60000ms
2026-07-17T12:26:01.264Z,agrochannel1707,coffee_9,conflict-identification,purchasePacket,5,55,0.014999655007934817,0.014999655007934817,0,0,1000.023,0,0,0,0,0,0,86.66666666666667,13.333333333333334,13,2,0,41280,0,,44.35741399088396,makeOffer retailers/User4: Ledger commit not visible for lot LOT178429015828264036 (offer visible) after 60000ms
2026-07-18T06:08:53.335Z,agrochannel1707,coffee_9,conflict-identification,submitProduce,20,20,0.2930689200410297,0.3907585600547062,0,0,20.473,0,0,0,0,0,0,66.66666666666666,33.33333333333333,4,2,0,0,0,,29.62640225337435,submitProduce farmers/User1: Ledger commit not visible for lot LOT17843548535974939 (submitted) after 60000ms
2026-07-18T06:11:01.557Z,agrochannel1707,coffee_9,conflict-identification,testCoffee,20,20,0.13751375137513752,0.18335166850018336,0,0,21.816,0,0,0,0,0,0,33.33333333333333,66.66666666666666,1,2,0,0,0,,-37.19581958195819,testCoffee aggregators/User3: Ledger commit not visible for lot LOT-3-688-1784352849555 (tested) after 60000ms
2026-07-18T06:13:09.013Z,agrochannel1707,coffee_9,conflict-identification,makeOffer,20,20,0.372041110542715,0.4650513881783937,0,0,21.503,0,0,0,0,0,0,75,25,6,2,0,8,0,,35.260929999431596,makeOffer retailers/User1: Ledger commit not visible for lot LOT-3-1200-1784352791083 (offer visible) after 60000ms
2026-07-18T06:15:17.627Z,agrochannel1707,coffee_9,conflict-identification,acceptOffer,20,20,0.0917810105089257,0.1835620210178514,0,0,21.791,0,0,0,0,0,0,0,100,0,2,0,0,2,acceptOffer:participant:farmers/User21; acceptOffer:participant:retailers/User21,-103.90821898949108,acceptOffer farmers/User4: Ledger commit not visible for lot LOT-2-858-1784352920357 (offer accepted) after 60000ms
2026-07-18T06:16:37.489Z,agrochannel1707,coffee_9,conflict-identification,packLotIntoPackets,20,20,0.6001800540162049,0.7002100630189056,0,0,19.994,0,0,0,0,0,0,100,0,12,0,0,0,0,,100.6001800540162,
2026-07-18T06:17:10.215Z,agrochannel1707,coffee_9,conflict-identification,purchasePacket,20,20,0,0,0,0,20.001,0,0,0,0,0,0,0,0,0,0,0,0,0,,0,
2026-07-18T06:30:24.910Z,agrochannel1707,coffee_9,conflict-identification,purchasePacket,20,20,0.19999000049997498,0.2999850007499625,0,0,20.001,0,0,0,0,0,0,100,0,4,0,0,0,0,,100.19999000049998,
2026-07-18T06:36:42.872Z,agrochannel1707,coffee_9,conflict-identification,submitProduce,20,20,0.09203442087340664,0.1840688417468133,0,0,21.731,0,0,0,0,0,0,0,100,0,2,0,0,0,,-103.9079655791266,submitProduce farmers/User3: Ledger commit not visible for lot LOT178435648333540167 (submitted) after 60000ms
2026-07-18T06:55:11.738Z,agrochannel1707,coffee_9,conflict-identification,submitProduce,20,20,16.4376055887859,16.4376055887859,0,0,21.901,0,0,0,0,0,0,100,0,360,0,0,0,0,,116.4376055887859,
2026-07-18T06:56:15.748Z,agrochannel1707,coffee_9,conflict-identification,testCoffee,20,20,0,0,0,0,22.072,0,0,0,0,0,0,0,0,0,0,0,0,0,,0,
2026-07-18T06:56:48.124Z,agrochannel1707,coffee_9,conflict-identification,makeOffer,20,20,0,0,0,0,21.99,0,0,0,0,0,0,0,0,0,0,0,0,0,,0,
2026-07-18T07:01:08.402Z,agrochannel1707,coffee_9,conflict-identification,testCoffee,20,20,0,0,0,0,18.719,0,0,0,0,0,0,0,0,0,0,0,0,0,,0,
2026-07-18T07:04:39.231Z,agrochannel1707,coffee_9,conflict-identification,testCoffee,20,20,0,0,0,0,20.082,0,0,0,0,0,0,0,0,0,0,0,0,0,,0,
2026-07-18T07:05:36.289Z,agrochannel1707,coffee_9,conflict-identification,testCoffee,20,20,19.358980690404465,19.358980690404465,0,0,20.249,0,0,0,0,0,0,100,0,392,0,0,0,0,,119.35898069040447,
2026-07-18T07:06:51.180Z,agrochannel1707,coffee_9,conflict-identification,purchasePacket,20,20,19.89900504974751,19.89900504974751,0,0,20.001,0,0,0,0,0,0,100,0,398,0,0,0,0,,119.89900504974752,
2026-07-18T07:11:19.820Z,agrochannel1707,coffee_9,conflict-identification,acceptOffer,20,20,17.818198691476034,17.818198691476034,0,0,21.551,0,0,0,0,0,0,100,0,384,0,0,0,0,,117.81819869147603,
2026-07-18T07:19:25.639Z,agrochannel1707,coffee_9,conflict-identification,purchasePacket,20,20,16.75026459896001,16.75026459896001,0,0,21.731,0,0,0,0,0,0,100,0,364,0,0,0,0,,116.75026459896,
2026-07-18T07:24:24.167Z,agrochannel1707,coffee_9,conflict-identification,purchasePacket,20,20,4.051248290879627,4.152529498151618,0,0,19.747,0,0,0,0,0,0,50,50,40,40,0,0,3,purchasePacket:packet; purchasePacket:participant:consumers; purchasePacket:participant:retailers,4.051248290879627,purchasePacket consumers/User1: Commit of transaction aae0b9902590906d3ba625d4efa2bc4a419b3b3d2d9b4f9d461bb96734f220ab failed on peer peer0.consumers.example.com:10051 with status MVCC_READ_CONFLICT
2026-07-18T07:33:32.541Z,agrochannel1707,coffee_9,conflict-identification,testCoffee,20,20,1.8999050047497623,1.99990000499975,0,0,20.001,0,0,0,0,0,0,44.73684210526316,55.26315789473685,17,21,0,0,3,testCoffee:lot; testCoffee:participant:aggregators; testCoffee:participant:farmers,-8.62641078472393,testCoffee aggregators/User1: Commit of transaction 72a203f7beac1eb3763088adf90fc83cb422dabbdb274e2610e622a334b818e9 failed on peer peer0.aggregators.example.com:8051 with status MVCC_READ_CONFLICT
2026-07-18T07:37:42.599Z,agrochannel1707,coffee_9,conflict-identification,testCoffee,20,20,1.5999200039997998,1.6999150042497875,0,0,20.001,0,0,0,0,0,0,93.75,6.25,30,2,0,0,2,testCoffee:participant:aggregators; testCoffee:participant:farmers,85.0999200039998,testCoffee aggregators/User1: Event strategy not satisfied within the timeout period of 30 seconds. No response received from peers:  peer0.aggregators.example.com:8051
2026-07-18T07:44:47.817Z,agrochannel1707,coffee_9,conflict-identification,submitProduce,20,20,0.29974521656591896,0.3996602887545586,0,0,20.017,0,0,0,0,0,0,16.666666666666664,83.33333333333334,1,5,0,0,1,submitProduce:participant:farmers,-66.36692145010076,submitProduce farmers/User1: Commit of transaction 28fe3312821444e372b78f1e5c52e7ce817b3f5a3c8ed6e6aac7fc860c0a371e failed on peer peer0.farmers.example.com:7051 with status MVCC_READ_CONFLICT
2026-07-18T07:46:42.399Z,agrochannel1707,coffee_9,conflict-identification,submitProduce,20,20,1.299090636554412,1.399020685520136,0,0,20.014,0,0,0,0,0,0,42.30769230769231,57.692307692307686,11,15,0,0,1,submitProduce:participant:aggregators,-44.08552474806097,submitProduce farmers/User1: Event strategy not satisfied within the timeout period of 30 seconds. No response received from peers:  peer0.farmers.example.com:7051
2026-07-18T07:47:52.173Z,agrochannel1707,coffee_9,conflict-identification,testCoffee,20,20,1.0005002501250626,1.1005502751375689,0,0,19.99,0,0,0,0,0,0,40,60,8,12,0,0,1,testCoffee:lot,-18.999499749874936,testCoffee aggregators/User1: Commit of transaction 8781787d25b1b23a32ce818db3c930c954a33375d42ab10d0c75324bef6fc368 failed on peer peer0.aggregators.example.com:8051 with status MVCC_READ_CONFLICT
2026-07-18T07:49:55.548Z,agrochannel1707,coffee_9,conflict-identification,makeOffer,20,20,2.3992802159352196,2.49925022493252,0,0,20.006,0,0,0,0,0,0,45.83333333333333,54.166666666666664,22,26,0,0,1,makeOffer:lot,-5.934053117398115,makeOffer retailers/User4: Commit of transaction 2927583cc0b37fdc3001a1ac0972d3379ba9c20e868affe0fc06c6619e801f20 failed on peer peer0.retailers.example.com:9051 with status MVCC_READ_CONFLICT
2026-07-18T07:51:55.128Z,agrochannel1707,coffee_9,conflict-identification,makeOffer,20,20,2,2.1,0,0,20,0,0,0,0,0,0,92.5,7.5,37,3,0,0,0,,81,makeOffer retailers/User2: Event strategy not satisfied within the timeout period of 30 seconds. No response received from peers:  peer0.retailers.example.com:9051
2026-07-18T07:53:39.904Z,agrochannel1707,coffee_9,conflict-identification,acceptOffer,20,20,2.8498575071246437,2.8498575071246437,0,0,20.001,0,0,0,0,0,0,26.31578947368421,73.68421052631578,15,42,0,0,1,acceptOffer:lot,-44.51856354550693,"acceptOffer farmers/User1: No valid responses from any peers. Errors:
    peer=peer0.consumers.example.com:10051, status=500, message=❌ Only APPROVED lots can be sold. Current status is 'SOLD'"
2026-07-18T07:54:26.743Z,agrochannel1707,coffee_9,conflict-identification,acceptOffer,20,20,0.999550202408916,1.0995052226498077,0,0,20.009,0,0,0,0,0,0,50,50,10,10,0,0,1,acceptOffer:participant:retailers,0.9995502024089191,acceptOffer farmers/User1: Commit of transaction 4ff9f4bf56077daee1b1ae872516cbb669e63cf20c04d9736ac3d20e84d69d30 failed on peer peer0.farmers.example.com:7051 with status MVCC_READ_CONFLICT
2026-07-18T07:55:30.624Z,agrochannel1707,coffee_9,conflict-identification,acceptOffer,20,20,0.8999550022498874,0.999950002499875,0,0,20.001,0,0,0,0,0,0,44.44444444444444,55.55555555555556,8,10,0,0,1,acceptOffer:participant:farmers,-10.211156108861225,acceptOffer farmers/User1: Commit of transaction 8aeb44db8292b902bf991c12312ce078d657f10ebce0bbd9e82dbeb08b3d328a failed on peer peer0.farmers.example.com:7051 with status MVCC_READ_CONFLICT
2026-07-18T07:56:59.382Z,agrochannel1707,coffee_9,conflict-identification,packLotIntoPackets,20,20,0.9999000099990002,1.0998900109989003,0,0,20.002,0,0,0,0,0,0,50,50,10,10,0,0,0,,0.9999000099990027,packLotIntoPackets retailers/User1: Commit of transaction 8eedd94de704f0c0479b3e94f3d89f3108ef2a9306d262b0f842d9bb3810084b failed on peer peer0.retailers.example.com:9051 with status MVCC_READ_CONFLICT
2026-07-18T07:59:06.995Z,agrochannel1707,coffee_9,conflict-identification,purchasePacket,20,20,2.498376055563883,2.5983110977864388,0,0,20.013,0,0,0,0,0,0,50,50,25,25,0,0,1,purchasePacket:packet,2.498376055563881,purchasePacket consumers/User1: Commit of transaction 8d1a441d492f310a5038d79ada0ce2500db1888764ef2f509a09e2d1ef59483c failed on peer peer0.consumers.example.com:10051 with status MVCC_READ_CONFLICT
2026-07-18T08:01:02.665Z,agrochannel1707,coffee_9,conflict-identification,purchasePacket,20,20,3.1,3.2,0,0,20,0,0,0,0,0,0,50,50,31,31,0,0,1,purchasePacket:participant:consumers,3.1000000000000014,purchasePacket consumers/User1: Commit of transaction ebb2233ad1f0d214b523560c11d56b865a7daa93bd39333f33bf7f335a53a419 failed on peer peer0.consumers.example.com:10051 with status MVCC_READ_CONFLICT
2026-07-18T08:01:56.111Z,agrochannel1707,coffee_9,conflict-identification,purchasePacket,20,20,1.6999150042497875,1.799910004499775,0,0,20.001,0,0,0,0,0,0,50,50,17,17,0,0,1,purchasePacket:participant:retailers,1.6999150042497888,purchasePacket consumers/User2: Commit of transaction 8b2a15d5276210c48a219ff1062328075f2acd2a8b00ff7ba8753320852ffbab failed on peer peer0.consumers.example.com:10051 with status MVCC_READ_CONFLICT
2026-07-20T06:37:30.301Z,agrochannel1707,coffee_9,queued-simulation,submitProduce,50,50,0.23655201778871174,0.4731040355774235,0,0,21.137,0,0,0,0,0,0,0,100,0,5,935,0,2,submitProduce:participant:aggregators; submitProduce:participant:farmers,-109.76344798221129,submitProduce farmers/User3: Ledger commit not visible for lot LOT178452935166074435 (submitted) after 60000ms
2026-07-20T06:43:36.536Z,agrochannel1707,coffee_9,conflict-identification,submitProduce,20,20,4.999750012499375,5.099745012749362,0,0,20.001,0,0,0,0,0,0,50,50,50,50,0,0,1,submitProduce:participant:farmers,4.999750012499376,submitProduce farmers/User1: Commit of transaction 5dac0eb5fefc32eb8d11e2acaae0b6677bb796a8772b3e08b0c1e8d75589d546 failed on peer peer0.farmers.example.com:7051 with status MVCC_READ_CONFLICT
2026-07-20T06:44:23.773Z,agrochannel1707,coffee_9,conflict-identification,submitProduce,20,20,1.9541245987065559,2.0471781510259155,0,0,21.493,0,0,0,0,0,0,50,50,21,21,0,0,1,submitProduce:participant:aggregators,1.9541245987065565,submitProduce farmers/User1: Commit of transaction 0422f7b9d097446c8734d8f1ce98a7d47dccca510befdaeff0a7094dd3cf3fc8 failed on peer peer0.farmers.example.com:7051 with status MVCC_READ_CONFLICT
2026-07-20T06:44:57.520Z,agrochannel1707,coffee_9,conflict-identification,testCoffee,20,20,1.4002100315047257,1.5002250337550633,0,0,19.997,0,0,0,0,0,0,50,50,14,14,0,0,0,,1.4002100315047272,testCoffee aggregators/User1: Commit of transaction e7e700a7f7e36732ffcbdc0976947f7d5fbe945f8634477ff6709e970d025a6b failed on peer peer0.aggregators.example.com:8051 with status MVCC_READ_CONFLICT
2026-07-20T06:45:27.577Z,agrochannel1707,coffee_9,conflict-identification,makeOffer,20,20,1.2,1.3,0,0,20,0,0,0,0,0,0,50,50,12,12,0,0,1,makeOffer:lot,1.2000000000000028,makeOffer retailers/User5: Commit of transaction 3d745fba674fe5f376454d042fab1001af54a1061e6f1e6d66885dbf3a2b61bc failed on peer peer0.retailers.example.com:9051 with status MVCC_READ_CONFLICT
2026-07-20T06:46:35.121Z,agrochannel1707,coffee_9,conflict-identification,makeOffer,20,20,3.000150007500375,3.100155007750388,0,0,19.999,0,0,0,0,0,0,100,0,60,0,0,0,0,,103.00015000750038,
2026-07-20T06:48:08.070Z,agrochannel1707,coffee_9,conflict-identification,acceptOffer,20,20,4.0002000100005,4.100205010250513,0,0,19.999,0,0,0,0,0,0,50,50,40,40,0,0,0,,4.000200010000498,acceptOffer farmers/User1: Commit of transaction 34ebd8df7e04700abfbf893df2e8097a47d8b170bf62e4056fc8dae4a4e629d8 failed on peer peer0.farmers.example.com:7051 with status MVCC_READ_CONFLICT
2026-07-20T06:48:44.233Z,agrochannel1707,coffee_9,conflict-identification,acceptOffer,20,20,1.3285253368760674,1.4234200037957867,0,0,21.076,0,0,0,0,0,0,50,50,14,14,0,0,1,acceptOffer:participant:retailers,1.3285253368760692,acceptOffer farmers/User1: Commit of transaction 9380dc226b1cd808e0a2970e6890ba7c2ffc723c6b74e7a4372c254c0e752517 failed on peer peer0.farmers.example.com:7051 with status MVCC_READ_CONFLICT
2026-07-20T06:50:38.379Z,agrochannel1707,coffee_9,conflict-identification,acceptOffer,20,20,5.533092147265376,5.639497765482018,0,0,18.796,0,0,0,0,0,0,50,50,52,52,0,0,1,acceptOffer:participant:farmers,5.5330921472653785,acceptOffer farmers/User1: Commit of transaction 8b42b63b51a6a37233560a1b6e64f6e41a7546da5dfd755a43632c571f288bff failed on peer peer0.farmers.example.com:7051 with status MVCC_READ_CONFLICT
2026-07-20T06:52:06.530Z,agrochannel1707,coffee_9,conflict-identification,packLotIntoPackets,20,20,3,3.1,0,0,20,0,0,0,0,0,0,50,50,30,30,0,0,0,,3,packLotIntoPackets retailers/User1: Commit of transaction 2c52347a8651ede75c07529c626612c128f9fbb2e0bef96efc4a013cadf33410 failed on peer peer0.retailers.example.com:9051 with status MVCC_READ_CONFLICT
2026-07-20T06:53:08.164Z,agrochannel1707,coffee_9,conflict-identification,purchasePacket,20,20,2.8,2.9,0,0,20,0,0,0,0,0,0,50,50,28,28,0,0,1,purchasePacket:packet,2.799999999999997,purchasePacket consumers/User5: Commit of transaction 1b8618d4929dad5f0a4cc6464beb0bdf49f6077e23c471d7fd4b99d0769c4289 failed on peer peer0.consumers.example.com:10051 with status MVCC_READ_CONFLICT
2026-07-20T06:53:52.976Z,agrochannel1707,coffee_9,conflict-identification,purchasePacket,20,20,2.00010000500025,2.1001050052502626,0,0,19.999,0,0,0,0,0,0,50,50,20,20,0,0,1,purchasePacket:participant:consumers,2.000100005000249,purchasePacket consumers/User1: Commit of transaction 48bd6d10f6d0e1b57ff05d4bbaef30105bc8ebde006450ad53431828a1d02be3 failed on peer peer0.consumers.example.com:10051 with status MVCC_READ_CONFLICT
2026-07-20T06:54:41.501Z,agrochannel1707,coffee_9,conflict-identification,purchasePacket,20,20,2.2,2.3,0,0,20,0,0,0,0,0,0,50,50,22,22,0,0,1,purchasePacket:participant:retailers,2.200000000000003,purchasePacket consumers/User3: Commit of transaction ff353c67ffe7812bb808191d43cb0ba8c538fab1ffcd4f7a6099193dafc63475 failed on peer peer0.consumers.example.com:10051 with status MVCC_READ_CONFLICT
2026-07-20T07:02:08.118Z,agrochannel1707,coffee_9,queued-simulation,submitProduce,50,50,0.25,0.5,0,0,20,0,0,0,0,0,0,0,100,0,5,990,0,2,submitProduce:participant:aggregators; submitProduce:participant:farmers,-109.75,submitProduce farmers/User4: Ledger commit not visible for lot LOT178453082875889273 (submitted) after 60000ms
2026-07-20T07:05:37.663Z,agrochannel1707,coffee_9,queued-simulation,submitProduce,50,50,2.9922202274087373,3.2223910141324863,0,0,21.723,0,0,0,0,0,0,100,0,65,0,944,0,2,submitProduce:participant:aggregators; submitProduce:participant:farmers,102.99222022740874,
2026-07-20T07:10:00.283Z,agrochannel1707,coffee_9,queued-simulation,submitProduce,50,50,3.5175658444356506,3.737413709712879,0,0,22.743,0,0,2219.0125,1598,4793,4787,100,0,80,0,833,0,2,submitProduce:participant:aggregators; submitProduce:participant:farmers,103.51756584443565,
2026-07-20T09:22:19.640Z,agrochannel1707,coffee_9,queued-simulation,submitProduce,50,50,3.287774176882251,3.522615189516697,0,0,21.291,0,0,2139.4,1790,3347,3346,100,0,70,0,900,0,2,submitProduce:participant:aggregators; submitProduce:participant:farmers,103.28777417688225,
2026-07-20T09:23:12.063Z,agrochannel1707,coffee_9,queued-simulation,submitProduce,100,100,4.619445666520018,4.839419269687637,0,0,22.73,0,0,2299.847619047619,1793,4783,4467,100,0,105,0,1687,0,2,submitProduce:participant:aggregators; submitProduce:participant:farmers,104.61944566652002,
2026-07-20T09:24:34.984Z,agrochannel1707,coffee_9,queued-simulation,submitProduce,200,200,9.249537523123843,9.499525023748811,0,0,20.001,0,0,2119.583783783784,1571,4783,2205,100,0,185,0,3939,0,2,submitProduce:participant:aggregators; submitProduce:participant:farmers,109.24953752312385,
2026-07-20T09:26:00.810Z,agrochannel1707,coffee_9,queued-simulation,makeOffer,50,50,0,0,0,0,20.257,0,0,0,0,0,0,0,0,0,0,0,0,1,makeOffer:lot,0,
2026-07-20T09:26:26.331Z,agrochannel1707,coffee_9,queued-simulation,makeOffer,100,100,0,0,0,0,22.728,0,0,0,0,0,0,0,0,0,0,0,0,1,makeOffer:lot,0,
2026-07-20T09:26:48.510Z,agrochannel1707,coffee_9,queued-simulation,makeOffer,200,200,0,0,0,0,19.158,0,0,0,0,0,0,0,0,0,0,0,0,1,makeOffer:lot,0,
2026-07-20T09:28:57.885Z,agrochannel1707,coffee_9,queued-simulation,makeOffer,50,50,0,0,0,0,18.478,0,0,0,0,0,0,0,0,0,0,0,0,1,makeOffer:lot,0,
2026-07-20T09:29:21.988Z,agrochannel1707,coffee_9,queued-simulation,makeOffer,100,100,0,0,0,0,20.822,0,0,0,0,0,0,0,0,0,0,0,0,1,makeOffer:lot,0,
2026-07-20T09:29:45.657Z,agrochannel1707,coffee_9,queued-simulation,makeOffer,200,200,0,0,0,0,20,0,0,0,0,0,0,0,0,0,0,0,0,1,makeOffer:lot,0,
2026-07-20T09:34:07.237Z,agrochannel1707,coffee_9,queued-simulation,makeOffer,50,50,1.0978591746095114,1.0978591746095114,0,0,20.039,0,0,1534.4545454545455,7,3222,2145,68.18181818181817,31.818181818181817,15,7,986,0,1,makeOffer:lot,37.46149553824587,"makeOffer retailers/User2: No valid responses from any peers. Errors:
    peer=peer0.consumers.example.com:10051, status=500, message=Offer must be higher than current highest ₹100055.99"
2026-07-20T09:34:43.147Z,agrochannel1707,coffee_9,queued-simulation,makeOffer,100,100,0.65,0.7,0,0,20,0,0,2259.6153846153848,2050,4540,4540,100,0,13,0,1980,0,1,makeOffer:lot,100.65,
2026-07-20T09:35:15.045Z,agrochannel1707,coffee_9,queued-simulation,makeOffer,200,200,0.6999650017499125,0.7499625018749062,0,0,20.001,0,0,1828.0714285714287,8,4795,4795,78.57142857142857,21.428571428571427,11,3,3970,0,1,makeOffer:lot,57.842822144607055,"makeOffer retailers/User4: No valid responses from any peers. Errors:
    peer=peer0.aggregators.example.com:8051, status=500, message=Offer must be higher than current highest ₹641236.55"
2026-07-20T09:41:57.275Z,agrochannel1707,coffee_9,queued-simulation,makeOffer,50,50,0.6167672584695361,0.6608220626459315,0,0,22.699,0,0,2246.0714285714284,2043,4744,4744,100,0,14,0,851,0,1,makeOffer:lot,100.61676725846954,
2026-07-20T09:42:31.252Z,agrochannel1707,coffee_9,queued-simulation,makeOffer,100,100,0.5276116778051354,0.57157931762223,0,0,22.744,0,0,2304,2046,4827,4827,100,0,12,0,1711,0,1,makeOffer:lot,100.52761167780514,
2026-07-20T09:43:09.253Z,agrochannel1707,coffee_9,queued-simulation,makeOffer,200,200,0.7,0.75,0,0,20,0,0,2065.0714285714284,2050,2092,2092,100,0,14,0,3970,0,1,makeOffer:lot,100.7,
2026-07-20T09:47:51.862Z,agrochannel1707,coffee_9,queued-simulation,makeOffer,50,50,0.484048404840484,0.528052805280528,0,0,22.725,0,0,2010.909090909091,1562,2066,2066,100,0,11,0,851,0,1,makeOffer:lot,100.48404840484048,
2026-07-20T09:48:23.774Z,agrochannel1707,coffee_9,queued-simulation,makeOffer,100,100,0.484048404840484,0.528052805280528,0,0,22.725,0,0,2309.7272727272725,2045,4802,4802,100,0,11,0,1711,0,1,makeOffer:lot,100.48404840484048,
2026-07-20T09:49:42.371Z,agrochannel1707,coffee_9,queued-simulation,makeOffer,200,200,1.3640163681964184,1.4080168962027544,0,0,22.727,0,0,2319.548387096774,1547,5288,4796,100,0,31,0,3431,0,1,makeOffer:lot,101.36401636819642,
2026-07-20T09:50:45.796Z,agrochannel1707,coffee_9,queued-simulation,acceptOffer,50,50,2.226345083487941,2.4582560296846014,0,0,21.56,0,0,2216.9375,1713,3629,3628,100,0,48,0,883,0,2,acceptOffer:participant:farmers; acceptOffer:participant:retailers,102.22634508348794,
2026-07-20T09:51:13.858Z,agrochannel1707,coffee_9,queued-simulation,acceptOffer,100,100,2.4,2.65,0,0,20,0,0,2075.9791666666665,1915,2285,2271,100,0,48,0,978,0,2,acceptOffer:participant:farmers; acceptOffer:participant:retailers,102.4,
2026-07-20T09:51:45.121Z,agrochannel1707,coffee_9,queued-simulation,acceptOffer,200,200,1.924721984602224,2.1385799828913603,0,0,23.38,0,0,2383.2444444444445,2043,5448,5447,100,0,45,0,987,0,2,acceptOffer:participant:farmers; acceptOffer:participant:retailers,101.92472198460223,
2026-07-20T09:53:03.193Z,agrochannel1707,coffee_9,queued-simulation,purchasePacket,50,50,1.9338315998536562,2.142894475513511,0,0,19.133,0,0,1939.3243243243244,1180,2124,2123,100,0,37,0,166,0,3,purchasePacket:packet; purchasePacket:participant:consumers; purchasePacket:participant:retailers,101.93383159985366,
2026-07-20T09:53:33.083Z,agrochannel1707,coffee_9,queued-simulation,purchasePacket,100,100,1.4517619110465882,1.583740266596278,0,0,22.731,0,0,2323.090909090909,2053,4793,4791,100,0,33,0,129,0,3,purchasePacket:packet; purchasePacket:participant:consumers; purchasePacket:participant:retailers,101.45176191104659,
2026-07-20T09:54:01.418Z,agrochannel1707,coffee_9,queued-simulation,purchasePacket,200,200,1.559841179807147,1.7016449234259785,0,0,21.156,0,0,2166.121212121212,1974,3212,3206,100,0,33,0,93,0,3,purchasePacket:packet; purchasePacket:participant:consumers; purchasePacket:participant:retailers,101.55984117980715,
2026-07-20T10:21:55.099Z,agrochannel1707,coffee_9,queued-simulation,submitProduce,50,200,121.94231471339906,123.76779846659365,0,0,2.739,0,0,1259.5299401197606,59,3692,2148,98.50299401197606,1.4970059880239521,329,5,479,0,2,submitProduce:participant:aggregators; submitProduce:participant:farmers,218.94830273735118,makeOffer retailers/User1: Commit of transaction f9f9f5ef7ee2a470f68e7066cc887efa705d78b64b417767fce23d26ea6b6dc6 failed on peer peer0.retailers.example.com:9051 with status MVCC_READ_CONFLICT
2026-07-20T10:24:14.279Z,agrochannel1707,coffee_9,queued-simulation,submitProduce,50,50,12.550003921876225,12.550003921876225,0,0,12.749,0,0,2214.00625,1391,4779,4768,100,0,160,0,487,0,2,submitProduce:participant:aggregators; submitProduce:participant:farmers,112.55000392187623,
2026-07-20T10:25:25.156Z,agrochannel1707,coffee_9,queued-simulation,submitProduce,100,100,29.862631893290864,30.85805295640056,0,0,5.023,0,0,2085.5733333333333,1448,3481,2248,100,0,150,0,488,0,2,submitProduce:participant:aggregators; submitProduce:participant:farmers,129.86263189329085,
2026-07-20T10:26:30.983Z,agrochannel1707,coffee_9,queued-simulation,submitProduce,200,200,57.42574257425743,59.40594059405941,0,0,2.525,0,0,2081.6068965517243,-1214,5408,2273,100,0,145,0,491,0,2,submitProduce:participant:aggregators; submitProduce:participant:farmers,157.4257425742574,
2026-07-20T10:31:40.759Z,agrochannel1707,coffee_9,queued-simulation,submitProduce,50,50,15.945784333266891,16.44409009368148,2.277644915157727,2.3488213187564058,10.034,70.248,60.214000000000006,2114.225,1461,4650,2133,100,0,160,0,487,0,2,submitProduce:participant:aggregators; submitProduce:participant:farmers,115.94578433326689,
2026-07-20T10:32:49.286Z,agrochannel1707,coffee_9,queued-simulation,submitProduce,100,100,29.579964504042596,30.565963320844016,2.2917908053352893,2.368183832179799,5.071,65.451,60.379999999999995,2068.153333333333,-795,5255,2116,100,0,150,0,488,0,2,submitProduce:participant:aggregators; submitProduce:participant:farmers,129.5799645040426,
2026-07-20T10:33:55.559Z,agrochannel1707,coffee_9,queued-simulation,submitProduce,200,200,53.128689492325854,55.09641873278237,2.149407718761941,2.2290154120494203,2.541,62.808,60.267,2248.1555555555556,1574,4750,4601,100,0,135,0,491,0,2,submitProduce:participant:aggregators; submitProduce:participant:farmers,153.12868949232586,
2026-07-20T10:36:52.237Z,agrochannel1707,coffee_9,queued-simulation,makeOffer,50,50,3.3891124761703026,3.495022241050625,0.46000143750449224,0.4743764824265076,9.442,69.565,60.123,2071.09375,1490,3088,2199,100,0,32,0,495,0,1,makeOffer:lot,103.3891124761703,
2026-07-20T10:38:03.150Z,agrochannel1707,coffee_9,queued-simulation,makeOffer,100,100,5.581024516643412,5.780346820809248,0.42873767379187844,0.4440497335701598,5.017,65.308,60.291000000000004,2289.8928571428573,2039,5378,5344,100,0,28,0,497,0,1,makeOffer:lot,105.58102451664341,
2026-07-20T10:39:11.563Z,agrochannel1707,coffee_9,queued-simulation,makeOffer,200,200,11.142061281337048,11.5399920413848,0.445398870595721,0.4613059731169967,2.513,62.865,60.352000000000004,2146.1071428571427,1466,5311,2128,100,0,28,0,498,0,1,makeOffer:lot,111.14206128133705,
2026-07-20T10:40:54.475Z,agrochannel1707,coffee_9,queued-simulation,acceptOffer,50,50,15.729620576044212,16.261026676586248,2.1220767675609022,2.1937685502487705,9.409,69.743,60.333999999999996,2141.2432432432433,1426,5105,2128,100,0,148,0,481,0,2,acceptOffer:participant:farmers; acceptOffer:participant:retailers,115.72962057604421,
2026-07-20T10:42:07.193Z,agrochannel1707,coffee_9,queued-simulation,acceptOffer,100,100,26.693227091633467,27.68924302788845,2.0485537821806394,2.1249923561426036,5.02,65.412,60.39200000000001,2253.5597014925374,1456,5370,4773,100,0,134,0,486,0,2,acceptOffer:participant:farmers; acceptOffer:participant:retailers,126.69322709163347,
2026-07-20T10:43:17.356Z,agrochannel1707,coffee_9,queued-simulation,acceptOffer,200,200,51.261829652996845,53.23343848580441,2.0674300254452924,2.146946564885496,2.536,62.88,60.344,2232.4692307692308,1991,4786,4508,100,0,130,0,491,0,2,acceptOffer:participant:farmers; acceptOffer:participant:retailers,151.26182965299685,
2026-07-20T11:01:45.930Z,agrochannel1707,coffee_9,queued-simulation,purchasePacket,50,50,0,0,0,0,27.429,27.611,0.18200000000000216,0,0,0,0,0,0,0,0,0,0,3,purchasePacket:packet; purchasePacket:participant:consumers; purchasePacket:participant:retailers,0,
2026-07-20T11:02:17.212Z,agrochannel1707,coffee_9,queued-simulation,purchasePacket,100,100,0,0,0,0,27.354,27.549,0.19500000000000028,0,0,0,0,0,0,0,0,0,0,3,purchasePacket:packet; purchasePacket:participant:consumers; purchasePacket:participant:retailers,0,
2026-07-20T11:02:48.464Z,agrochannel1707,coffee_9,queued-simulation,purchasePacket,200,200,0,0,0,0,27.008,27.169,0.16100000000000136,0,0,0,0,0,0,0,0,0,0,3,purchasePacket:packet; purchasePacket:participant:consumers; purchasePacket:participant:retailers,0,
2026-07-20T11:05:31.568Z,agrochannel1707,coffee_9,queued-simulation,purchasePacket,50,50,14.912019087384433,15.409086390297247,2.1366608264604077,2.207882854009088,10.059,70.203,60.144000000000005,2248.34,2027,4850,4780,100,0,150,0,487,0,3,purchasePacket:packet; purchasePacket:participant:consumers; purchasePacket:participant:retailers,114.91201908738444,
2026-07-20T11:06:44.951Z,agrochannel1707,coffee_9,queued-simulation,purchasePacket,100,100,18.719339013684483,19.364833462432223,2.1314126120829044,2.204909598706453,7.746,68.03,60.284,2147.551724137931,1448,4880,2398,100,0,145,0,487,0,3,purchasePacket:packet; purchasePacket:participant:consumers; purchasePacket:participant:retailers,118.71933901368448,
2026-07-20T11:07:53.545Z,agrochannel1707,coffee_9,queued-simulation,purchasePacket,200,200,56.15801704105345,58.09450038729667,2.310057512466345,2.3897146680686325,2.582,62.769,60.187,2074.062068965517,2004,2278,2158,100,0,145,0,491,0,3,purchasePacket:packet; purchasePacket:participant:consumers; purchasePacket:participant:retailers,156.15801704105345,
2026-07-20T11:19:08.063Z,agrochannel1707,coffee_9,queued-simulation,submitProduce,50,50,49.7116723006562,49.7116723006562,2.0554562085054777,2.0554562085054777,10.058,243.255,233.197,2129.746,-797,5867,4016,100,0,500,0,485,0,2,submitProduce:participant:aggregators; submitProduce:participant:farmers,149.7116723006562,
2026-07-20T11:23:24.900Z,agrochannel1707,coffee_9,queued-simulation,submitProduce,100,100,98.13542688910697,98.13542688910697,1.9718265423627215,1.9718265423627215,5.095,253.572,248.477,2180.824,-326,4777,4549,100,0,500,0,491,0,2,submitProduce:participant:aggregators; submitProduce:participant:farmers,198.13542688910695,
2026-07-20T11:27:40.559Z,agrochannel1707,coffee_9,queued-simulation,submitProduce,200,200,195.0838860710105,195.0838860710105,1.9811160022663967,1.9811160022663967,2.563,252.383,249.82000000000002,2126.666,1398,5498,2112,100,0,500,0,491,0,2,submitProduce:participant:aggregators; submitProduce:participant:farmers,295.0838860710105,
2026-07-20T11:46:16.812Z,agrochannel1707,coffee_9,queued-simulation,makeOffer,50,50,49.21259842519685,49.21259842519685,0.45892821903726044,0.45892821903726044,10.16,1089.495,1079.3349999999998,2111.288,-1337,5413,2153,100,0,500,0,495,0,1,makeOffer:lot,149.21259842519686,
2026-07-20T12:04:33.676Z,agrochannel1707,coffee_9,queued-simulation,makeOffer,100,100,99.58175662218682,99.58175662218682,0.45864827181331175,0.45864827181331175,5.021,1090.16,1085.1390000000001,2119.42,-1330,5806,2392,100,0,500,0,497,0,1,makeOffer:lot,199.58175662218682,
2026-07-20T12:23:02.022Z,agrochannel1707,coffee_9,queued-simulation,makeOffer,200,200,198.80715705765405,198.80715705765405,0.4532220461706363,0.4532220461706363,2.515,1103.212,1100.697,2148.164,-1368,6290,2581,100,0,500,0,498,0,1,makeOffer:lot,298.8071570576541,
2026-07-20T12:27:25.765Z,agrochannel1707,coffee_9,queued-simulation,acceptOffer,50,50,37.16366879738368,37.16366879738368,1.9529571677433972,1.9529571677433972,13.454,256.022,242.56799999999998,2192.068,-1353,5477,4690,100,0,500,0,483,0,2,acceptOffer:participant:farmers; acceptOffer:participant:retailers,137.16366879738368,
2026-07-20T12:31:28.956Z,agrochannel1707,coffee_9,queued-simulation,acceptOffer,100,100,99.52229299363057,99.52229299363057,2.1231512660351,2.1231512660351,5.024,235.499,230.475,2114.42,447,5510,2087,100,0,500,0,489,0,2,acceptOffer:participant:farmers; acceptOffer:participant:retailers,199.52229299363057,
2026-07-20T12:35:40.456Z,agrochannel1707,coffee_9,queued-simulation,acceptOffer,200,200,197.62845849802372,197.62845849802372,2.065535304129418,2.065535304129418,2.53,242.068,239.538,2192.948,1352,4830,2331,100,0,500,0,491,0,2,acceptOffer:participant:farmers; acceptOffer:participant:retailers,297.62845849802375,
2026-07-20T12:39:59.507Z,agrochannel1707,coffee_9,queued-simulation,purchasePacket,50,50,37.1305510173771,37.1305510173771,1.9711580159111877,1.9711580159111877,13.466,253.658,240.19199999999998,2143.276,-1445,6159,2226,100,0,500,0,484,0,3,purchasePacket:packet; purchasePacket:participant:consumers; purchasePacket:participant:retailers,137.13055101737712,
2026-07-20T12:44:15.343Z,agrochannel1707,coffee_9,queued-simulation,purchasePacket,100,100,83.05647840531562,83.05647840531562,2.006662118232532,2.006662118232532,6.02,249.17,243.14999999999998,2154.208,1324,5424,2526,100,0,500,0,486,0,3,purchasePacket:packet; purchasePacket:participant:consumers; purchasePacket:participant:retailers,183.0564784053156,
2026-07-21T04:46:00.800Z,agrochannel1707,coffee_9,queued-simulation,purchasePacket,200,200,196.16,196.16,1.879791117611011,1.879791117611011,2.523,265.987,263.464,2055.104514793873,1979.3350808620453,2150.028657913208,2089.866275072098,100,0,500,0,490,0,3,purchasePacket:packet; purchasePacket:participant:consumers; purchasePacket:participant:retailers,296.16,
